,A,B,C,D
2014-01-01,-0.001804519578401785,0.09586480335250516,1.0611759098863056,-1.8005741844223004
2014-01-02,-0.6713334934242131,1.1500507267559175,0.628401254378187,-2.1833374272082646
2014-01-03,0.8152671967775321,2.2014410388881225,1.5170629742905115,-2.5870426874592996
2014-01-04,-0.36021901133221557,2.9860690519516573,2.9876794296359184,-3.606024485669666
2014-01-05,-0.5485485737519289,3.328754124566327,2.2167679375928913,-4.596030238532311
2014-01-06,-1.381926769528856,2.494532655202079,0.7798251319178884,-4.277856142616435
2014-01-07,0.1940637708915629,1.701626264774014,0.032787207887390646,-3.82543465021564
2014-01-08,1.204699510687613,-0.23809818231284163,-0.9320795879533061,-4.129188812825736
2014-01-09,1.7299473011969622,-0.36826059931437904,-2.78549687354518,-5.502199552332851
2014-01-10,0.9654358808174903,-1.7239374331191786,-2.9136817572353895,-5.754112226467971
2014-01-11,-0.9316958609750847,-1.8290845238434834,-1.8195017028573426,-5.2122536399095925
2014-01-12,-3.121217055783947,-0.06658368623170907,-2.492177252561088,-3.8357220291593364
2014-01-13,-3.2462638868071663,-2.2304280537187875,-2.277492901435111,-3.157765525331616
2014-01-14,-3.595182654138748,-1.5858751878436592,-3.090693667155544,-3.288608784643961
2014-01-15,-4.076074092298382,-3.429090360808134,-3.121128977584176,-2.996352690673773
2014-01-16,-4.078148716712174,-4.746765183696581,-5.590506548947118,-5.180015226828508
2014-01-17,-5.391972618451385,-4.5691639340061805,-4.760638744319618,-6.158625596779254
2014-01-18,-4.9566948633866295,-4.5092607907505595,-4.321263079935111,-5.689184874973005
2014-01-19,-5.829848419100239,-2.497794966963341,-3.032854734312558,-6.150556216533073
2014-01-20,-8.798275453903528,-2.218278346001623,-2.1245561542658153,-5.825028719257027
2014-01-21,-8.362868346565165,-2.3607825393078867,-3.437095485677319,-8.035430821305289
2014-01-22,-7.638586111039165,-1.6918612301649125,-2.4758303347910795,-8.54744084421936
2014-01-23,-7.113189514754389,-0.8915894091798204,-2.0746478771943266,-9.44474009399793
2014-01-24,-5.744448374397104,0.15285265161454187,-4.254472223698308,-10.560001571316697
2014-01-25,-6.2625991748528,0.8632226053629529,-2.550909637877779,-8.823285389806026
2014-01-26,-5.282256951188544,0.19482298166978507,-3.454729771429993,-10.498771031258292
2014-01-27,-7.209089860957094,-0.24454936095607327,-0.6631367729146587,-9.402172847064312
2014-01-28,-6.0805320815291815,-0.5245717234990261,0.16893027287074647,-9.123542338343286
2014-01-29,-6.097943903295282,1.1213348998153765,-0.9093659152841076,-7.396036288705658
2014-01-30,-7.337740313067375,1.312419388903471,-0.3398641398444594,-8.940795517743975
2014-01-31,-9.014368111999682,2.406044813696113,-1.254622343059021,-9.652168181432938
2014-02-01,-8.457272919789437,3.3197953916087855,-1.5568088524059542,-9.424847041487654
2014-02-02,-7.8089976550545295,4.401340758750184,-1.0256533322471864,-8.581744528819737
2014-02-03,-9.209275292845996,5.408573570353503,-0.3891565707296726,-8.930015599482493
2014-02-04,-9.73748883223357,6.789619495009538,-0.24393648302416177,-9.333917735456025
2014-02-05,-9.501151927532518,7.106700172000805,0.1826703557854102,-6.646989973432015
2014-02-06,-9.510729165102454,6.471842105106409,-0.29967457891769983,-6.923783089571147
2014-02-07,-9.342881114688645,6.200061379233966,-0.2760976131750738,-6.393321246440735
2014-02-08,-10.733091635592103,7.612736445294841,-0.19859922723138912,-6.855509180814108
2014-02-09,-11.586888865273922,6.391741180069018,-0.183482837128085,-7.623686591495393
2014-02-10,-11.294195687103736,7.988161069769587,-0.5261854808798099,-7.644017939929577
2014-02-11,-11.222111787378367,8.569514009162905,0.2586680093252799,-7.897698641110221
2014-02-12,-11.670127234946245,9.199590853494808,1.3411869158436587,-8.582977679985166
2014-02-13,-11.126542486167171,9.2997109486584,1.9503423541587124,-8.149040114341254
2014-02-14,-9.658882755364324,9.158750902468464,2.463583532829519,-7.00356042263427
2014-02-15,-7.886221279043254,8.83246000563248,3.7174746115145094,-6.4662700159087905
2014-02-16,-7.020461004093448,7.863880418643476,3.186756662776922,-7.204143498921771
2014-02-17,-6.408262849363787,9.313721036647625,4.471432608686774,-7.414102566264711
2014-02-18,-6.109310882820164,10.203125426607672,3.412422539446732,-8.180487380535064
2014-02-19,-5.857925904657105,10.789884795942026,5.152188707455813,-8.340673209978808
2014-02-20,-6.261984360081784,10.81273277886015,4.24546116894231,-8.544274134236447
2014-02-21,-7.364551169736721,12.142486736286383,3.241808682317372,-7.59153617943246
2014-02-22,-6.635325432007043,12.769384842324756,3.081295734061665,-9.708754030395053
2014-02-23,-6.778151165331352,12.53294043300841,2.557825127094843,-10.432288819220343
2014-02-24,-7.289281940988707,14.231991763533486,2.4763930603822475,-11.18203329626769
2014-02-25,-8.854437936124423,12.989161206045507,1.3875792430129301,-11.760014408378566
2014-02-26,-10.214458329243204,14.194419693618626,1.9682674465445376,-11.94248954312122
2014-02-27,-9.674861511754933,15.901213505763113,2.13827448488584,-11.731998615101682
2014-02-28,-10.4450930587334,15.11742273559664,0.5931715128224666,-11.504021418118237
2014-03-01,-10.34328031123177,14.339446291554273,0.14972992306062044,-10.885215153688378
2014-03-02,-11.150007318884445,14.613902610738274,0.4389671964647569,-11.39456691592785
2014-03-03,-11.893606503981646,13.924071163720205,1.835910913364477,-10.621669184065363
2014-03-04,-12.102349630356219,13.861511987818233,2.463435562599858,-10.99862976826163
2014-03-05,-10.535770870373966,10.515573576896246,1.0544849401893683,-10.177059699697264
2014-03-06,-11.467386789084586,9.294979261034998,0.27368203379810296,-9.103200188497405
2014-03-07,-12.189779363146904,8.511054205908513,0.18812434556763716,-10.092039461510288
2014-03-08,-12.536020194822592,7.8324126068299,-0.07171506062640895,-8.562430879299429
2014-03-09,-10.265355502993541,8.835952115871926,-0.9175818430392945,-10.346816667584715
2014-03-10,-11.525665447934854,7.645656669672984,-0.9332045300580328,-10.11732205746461
2014-03-11,-11.619907021868885,7.302584305763407,-1.2023752756621922,-9.485504618138886
2014-03-12,-12.402303523196467,7.20467686365768,1.1629789823348724,-9.864731063009762
2014-03-13,-14.196766634570071,5.852248063819416,2.3974930252766815,-10.81550106163819
2014-03-14,-12.447805748441246,7.170266411647864,1.465582951160523,-10.36438795068332
2014-03-15,-11.912245548104764,6.455708478981852,1.564780681212929,-10.137467291620698
2014-03-16,-12.918480702214723,7.350452063389186,1.417875613610157,-9.411982464333198
2014-03-17,-12.577859250243344,9.269763085134052,1.097986746353705,-7.9759041195657145
2014-03-18,-12.711331520854271,9.013132148266717,0.012639563822395061,-8.900204049509982
2014-03-19,-13.113210723730027,10.449168915442625,-1.206789392953049,-9.613022380153001
2014-03-20,-13.247650628382166,10.34246704243942,-1.8976749748062787,-9.98542753814951
2014-03-21,-14.931193869693557,10.381325162217106,-3.4686189595289,-10.288351139254448
2014-03-22,-14.587852809194592,11.70112825798531,-4.1912309253466615,-10.190527065097786
2014-03-23,-14.999531360759592,12.533203160065167,-5.422860882220327,-9.132865431226435
2014-03-24,-15.59929802619986,12.776202147800303,-6.112122104224563,-8.78979059497578
2014-03-25,-14.067575298285478,14.665695131739389,-7.328548719947861,-10.232950040826832
2014-03-26,-13.455284533040695,15.1817804776997,-4.7416699792576225,-9.320080827758142
2014-03-27,-12.2339287695001,14.002189400734824,-3.11987413053543,-8.605434904435766
2014-03-28,-13.452750472249562,13.833514377599073,-2.507418132115396,-7.330997341639717
2014-03-29,-12.816125093239545,11.9967920551781,-4.454189625429403,-6.086964446665656
2014-03-30,-13.043783832298981,10.46240113825299,-3.9440174441868336,-5.5726152877508905
2014-03-31,-13.15299664721544,12.15670760139177,-4.361707216085963,-5.01678979694306
2014-04-01,-12.057264529977862,10.287955089193183,-5.210642714022676,-5.248815779941808
2014-04-02,-12.53682366713089,9.469574411581254,-3.3537587516740555,-4.708630311243255
2014-04-03,-14.20037227583622,8.18183327159046,-3.896506210338133,-4.48529574777126
2014-04-04,-13.875845213199279,9.649727793887603,-3.3878346154571934,-5.0443080234615945
2014-04-05,-13.273386419500945,11.703367363131317,-3.9621626670343533,-5.625790386238393
2014-04-06,-14.380234338475452,12.385597119774523,-3.27918801896131,-5.035450271085358
2014-04-07,-13.573198771282216,11.834284356645558,-2.7450762650972234,-3.916608662973399
2014-04-08,-14.775889311704663,11.443918459166463,-3.5910714253460227,-2.8914585723993236
2014-04-09,-15.289341819327058,12.411183624423996,-2.2780121564570917,-3.16893928660331
2014-04-10,-14.951835471671053,13.39936546624536,-1.424553346100814,-4.761089671910292
2014-04-11,-14.925632243174988,13.201572426065763,-0.7969556228463475,-4.014133801793829
2014-04-12,-16.096380671321246,14.502848581054845,-0.6075864297258374,-1.7860211013928473
2014-04-13,-16.094990615194046,14.237132437458383,-1.1539442872727068,-1.5407144820915453
2014-04-14,-15.158423204328571,14.49006677675227,-2.399228325206349,-1.9528979905240273
2014-04-15,-14.739115482323824,15.687330405076292,-3.903601706972811,-2.972506370118637
2014-04-16,-12.749299744597257,14.642351358757375,-3.732339751937914,-3.1302810975106357
2014-04-17,-11.340038777154593,15.038979504322388,-4.092014793240191,-4.3082350064369015
2014-04-18,-10.893001007620324,14.966441850435691,-4.001081261950541,-3.877895626149524
2014-04-19,-10.174317023293707,14.118271375337692,-3.5036870969400824,-1.2904294681133681
2014-04-20,-8.654709046129675,13.960731717670393,-3.2340150086685737,-2.2114307928077226
2014-04-21,-8.564253549343743,13.99424636003382,-4.10708569908284,-2.0347644094293207
2014-04-22,-7.813706724125755,16.265728122974,-3.288503788115787,-2.3313050782304456
2014-04-23,-7.909465376535464,16.57817389958218,-1.9738157136701238,-2.1823319604142895
2014-04-24,-7.8774838587799865,15.580522370686484,-3.5569902892181737,-2.8026398331206384
2014-04-25,-7.605376939496039,14.957549781741807,-3.168207730705453,-3.0538076746782696
2014-04-26,-7.696122019235382,15.99295752753829,-3.1141621629127343,-2.85658507543463
2014-04-27,-5.56216249932926,16.619570932517046,-3.726283155015518,-1.6233179291688469
2014-04-28,-6.4959844978285,15.872842083656218,-3.860472791519977,-1.906623228420195
2014-04-29,-5.662396522838867,15.648735718107964,-4.643821025384614,-1.3010009491181616
2014-04-30,-6.140594745832701,16.448379211639807,-6.250680756626094,-3.112035235529111
2014-05-01,-4.492431985824385,17.212552693374708,-5.841544827373151,-3.4729080301033344
2014-05-02,-3.8904484461076585,17.905703301048728,-6.824535070872439,-3.6789066296099704
2014-05-03,-5.2902858633001575,17.25170397232119,-6.574417683300443,-4.973506076664142
2014-05-04,-5.320340184983593,17.708609456456134,-6.600111307199729,-7.180592987085821
2014-05-05,-4.669655350272265,17.25651797918244,-4.743629605816981,-7.453639725171826
2014-05-06,-3.7651655099787185,18.198409076314274,-2.6319579737164522,-8.975755524707353
2014-05-07,-4.243051360014261,16.541565709468355,-2.1917552403963727,-8.206787182174363
2014-05-08,-4.988643930867371,17.136682735124896,-3.1438035849976984,-6.985276083506996
2014-05-09,-5.708325544590645,18.14669181958931,-3.7179603893993907,-8.376141517739994
2014-05-10,-4.42693149120141,17.788171601533893,-4.037536819121599,-7.714352959425839
2014-05-11,-4.669347365938416,16.53303149296294,-3.7838452786419783,-8.488807894884284
2014-05-12,-4.582829344191606,16.74185709845556,-4.994559160460313,-8.554122625442233
2014-05-13,-4.244434589484809,16.581127105118895,-5.835128508529345,-7.474799048759069
2014-05-14,-2.8420196724880276,16.55366347794172,-4.201975368644656,-6.847204142317511
2014-05-15,-3.270112813273826,15.198706149508567,-4.630399295756274,-4.714632695385416
2014-05-16,-3.1178599102798117,15.217917077337258,-4.339382985599271,-6.402059317418264
2014-05-17,-3.0900835244434943,14.9743589092209,-4.0404421278479346,-5.112035901301021
2014-05-18,-3.4826235691067793,16.139972124649542,-3.090848288155294,-6.088132449590664
2014-05-19,-4.441190539731225,15.317299219937686,-2.536627154231833,-4.86502049882821
2014-05-20,-3.4347481536653977,16.38891782261066,-1.382628822469121,-6.383098248602752
2014-05-21,-3.556864038885419,16.536886202339865,-0.28132105736635427,-8.08944119015225
2014-05-22,-2.6359718548839526,16.831057233817933,1.3894818175995345,-7.92301443337716
2014-05-23,-2.3963313828333344,17.68913991134374,0.7409892417036409,-8.630373975528283
2014-05-24,-3.6084598892763515,18.644711145072513,2.2384738214283795,-8.80184542660929
2014-05-25,-4.403663542060084,20.224345884923324,3.113077126233576,-9.42557842402593
2014-05-26,-6.369817683232166,17.654664227871876,4.204177450128414,-10.356994158507623
2014-05-27,-7.319226788942902,19.30547140862769,3.7872222719099553,-10.118221451296543
2014-05-28,-5.669734759573329,19.120570477008688,3.6378468019060786,-8.792468405080216
2014-05-29,-6.831791979390105,20.38336077234576,6.330047793066483,-7.225062280879038
2014-05-30,-7.359033218027546,21.206884017742205,7.095026282709795,-4.837475795416191
2014-05-31,-6.6007098587204425,19.891668199482574,8.394442747096345,-5.649956544681652
2014-06-01,-6.897721547565555,22.093423751581213,8.5820342321416,-7.2688571083571905
2014-06-02,-7.584560019493297,21.381448992089787,10.273199798012854,-6.758503315670376
2014-06-03,-8.111955465306043,22.203965815743206,11.282035010714667,-5.96747976037579
2014-06-04,-8.525602253913679,23.259791779607937,10.997793021900216,-5.956754164847624
2014-06-05,-9.706797217448305,23.46811492291066,12.470013925547738,-6.634686174694538
2014-06-06,-9.446025903263667,23.018915669465915,13.012199929581094,-6.398605683749806
2014-06-07,-9.957950734113702,23.037955773043617,11.922707891071171,-5.919129732037572
2014-06-08,-9.388097232187947,22.19969164065697,10.06231825705211,-5.770595058126512
2014-06-09,-8.445273440242632,23.867659759578622,7.0640993886351655,-5.199244920329933
2014-06-10,-7.57419309182098,24.14025225256933,8.476905599759483,-5.212968505990674
2014-06-11,-8.170092236332643,24.95971973757862,9.284715673635722,-4.660559854787949
2014-06-12,-9.191919205288468,24.365436302070403,10.375359703805444,-5.625787287652946
2014-06-13,-9.498965715445362,21.462804666155336,10.101935110173391,-6.199183136441077
2014-06-14,-9.119272349017262,22.717180653623178,10.572255871459275,-7.877669878685452
2014-06-15,-10.112984986232272,22.538799523834022,10.537560064653821,-6.671423795599548
2014-06-16,-9.578374571710949,23.015218479512516,9.485738609587177,-6.96020792440499
2014-06-17,-9.526726622141178,23.513289433655366,10.280293167826006,-6.369262076894341
2014-06-18,-10.534249139689486,23.174218300773052,11.110587940041666,-3.9606374577737697
2014-06-19,-11.22246910924284,23.045953301994345,11.116242107742716,-2.2339142578297526
2014-06-20,-9.694153024821842,22.77056182192954,11.013309561006563,-0.9563510300094349
2014-06-21,-9.722317147806269,23.712516459420105,9.92129133831352,-1.31199479104089
2014-06-22,-8.656517664758576,23.554878633037916,10.541627774282537,-0.7268176443021999
2014-06-23,-9.28240385059507,23.83691941048012,9.363842878908294,-0.9322592691483925
2014-06-24,-11.252987433948423,25.354936192169497,9.338168875514423,-2.5623542501523864
2014-06-25,-12.145944250618392,24.69449236673882,10.963544180437166,-1.158497291813223
2014-06-26,-14.30084077262483,24.626899487171908,10.930357198120527,-1.7745462856213443
2014-06-27,-14.797832711818286,24.363811746682632,11.8756418862569,-2.3443034034773707
2014-06-28,-15.720912678899252,24.633450813411397,9.945768939867806,-2.7909351523801655
2014-06-29,-16.541441160232225,23.715828068284058,11.159337560590144,-2.5361076935852207
2014-06-30,-15.538739108258216,24.796279968293632,11.174320996888941,-2.950773584245548
2014-07-01,-15.849706252025166,23.194131429982434,11.995783513657289,-2.862626026300839
2014-07-02,-16.160625300967087,23.48938929278779,11.94922859273899,-0.6402469256246857
2014-07-03,-14.802606758294301,22.73707164126707,12.572901408042652,-0.035523057044432704
2014-07-04,-15.416567312256953,23.012355909666145,12.376894630776428,-0.5269453823725454
2014-07-05,-16.059098747694545,24.165005098629223,11.357879214994473,0.1565211951636929
2014-07-06,-15.452299965376762,25.251012697203876,12.040433283452266,-0.05827317892226344
2014-07-07,-16.091037489455715,25.01035380432549,11.851451816848966,1.0506868751153438
2014-07-08,-16.056657246406605,25.5581895326451,11.122705819555526,0.9210109181668192
2014-07-09,-18.107072784400174,24.00532003270064,10.403933804913475,1.770414778742009
2014-07-10,-18.79632627783819,24.814977089770032,10.532885095075823,2.6007955189923475
2014-07-11,-19.146644894382508,25.41400995400182,10.490303720652374,3.5048811393860486
2014-07-12,-20.289709642972603,25.9274163497831,9.709324326178452,4.171486650208516
2014-07-13,-20.356712841831886,26.276805956086427,11.098397671370392,3.3659404211828927
2014-07-14,-20.796606924261194,26.785268956750794,11.030480411410675,4.466435873682294
2014-07-15,-19.50728883754721,26.683286785936744,10.988270680168696,5.328531174103069
2014-07-16,-21.590869639583392,27.584193678939943,11.842245262033906,6.136263913215005
2014-07-17,-22.02241795702478,29.29716786307992,13.836019138818983,6.421314861277753
2014-07-18,-21.740602785157968,29.803693458134106,13.466977044415925,7.5064372516654885
2014-07-19,-22.456996941917417,31.2815464700029,14.067378639355764,8.814105670819353
2014-07-20,-20.758776695020096,31.808037094226464,13.804119748116369,8.424441259085832
2014-07-21,-19.144333918534052,31.063898105569205,13.870928853451046,7.537630921091961
2014-07-22,-18.208712795326132,30.54802866884778,13.299841810650559,9.169842441526786
2014-07-23,-17.63102746197418,30.444365633919116,11.829440172322524,7.748418784482811
2014-07-24,-19.16440546973193,30.96880968740591,11.649068327923148,8.023873438858113
2014-07-25,-20.50701175508172,31.199690189363455,11.216145101071207,8.375328894465309
2014-07-26,-20.266777947977534,31.804618439375243,11.40750833527874,8.696794799659434
2014-07-27,-19.19459331598651,29.60271347865434,10.632350251325356,8.335604098964618
2014-07-28,-18.02943964377487,28.63873336579833,11.984866987556837,8.863853402503274
2014-07-29,-18.494752166819453,28.62834068473089,12.29995632416383,9.134074148866322
2014-07-30,-17.177553278167714,28.743513837829116,14.549584665227723,10.613591467878443
2014-07-31,-17.059838518275512,29.40608908175826,15.60408195918354,9.38109902529741
2014-08-01,-16.98065018625407,28.756518606038714,15.886748821908247,8.51875961009939
2014-08-02,-17.997969866595653,27.67877366930864,15.398176842865835,8.32217754664315
2014-08-03,-16.8129723806144,28.605102840668245,16.859625965510915,7.708547756584073
2014-08-04,-16.806575429628477,28.137514914956174,17.018506131496114,8.549586208097496
2014-08-05,-18.09209353835593,26.18013051425366,16.162094415488905,9.27681941469287
2014-08-06,-19.154880701971535,27.553578528127115,16.2339945262005,10.170178156100555
2014-08-07,-18.487940831247347,27.94818212766206,17.254211010188648,8.682946716768228
2014-08-08,-18.10756634976409,28.748361393095383,16.16027216647963,9.152016339301559
2014-08-09,-18.38775460620838,29.4622676699856,15.297187981399695,9.300536787797382
2014-08-10,-17.619831751171738,29.0789253407404,16.489398073634568,10.826371038097884
2014-08-11,-17.585656461067163,28.744790099935223,16.875988532544625,12.588130402161102
2014-08-12,-16.57772841504198,28.709516460379366,18.253914023456105,14.738528574877371
2014-08-13,-17.984059794094012,26.151722373206287,18.080068972365172,15.525741963500685
2014-08-14,-18.27094609298369,25.207455954952643,16.799194751816685,16.274551756994057
2014-08-15,-20.393181143882156,24.233188761017367,16.700805632303688,17.12433970619514
2014-08-16,-19.660734585880913,24.194466049185326,15.772525555086556,16.51231707570349
2014-08-17,-20.78018521578628,24.95172367281517,16.821353544666685,17.097967173281372
2014-08-18,-18.368748079302588,25.72255578067011,16.41452548267821,17.275003508751
2014-08-19,-17.97550800260735,25.189814176010085,16.20662457697071,16.442039320421863
2014-08-20,-17.750574875108168,23.83602776755124,16.121255733350573,17.486802363241075
2014-08-21,-18.19515079942765,23.24187056394856,17.31249054340851,17.142556560440223
2014-08-22,-18.796636651185292,23.965033856801647,18.77229286622849,16.285641730140554
2014-08-23,-16.967048342467066,24.780266091441728,18.056628093298006,14.462175194292616
2014-08-24,-16.38107187423752,25.412853066355066,18.540791254317632,15.850760898411027
2014-08-25,-15.631924436735654,25.356917458512687,18.261125800779975,16.130286961494104
2014-08-26,-15.488100635197448,25.16411808465908,17.691656017421085,15.083325360438545
2014-08-27,-15.80773493039245,26.77224049168332,16.587112757232656,14.85047735293629
2014-08-28,-15.355435878104284,26.584503630679777,15.09866818639099,14.266376598713176
2014-08-29,-14.522116957814369,25.815645068862295,15.452768896867465,14.006091601867253
2014-08-30,-13.027871282574903,26.080598421509926,14.74280135653939,12.868171698127245
2014-08-31,-14.914947174196207,25.179877930339423,13.268980542193823,13.833352592132984
2014-09-01,-15.103036038064285,25.632745508613905,12.548894289578616,14.22654093038251
2014-09-02,-15.902773595722316,25.67878636916542,13.232421650288256,14.558008470077798
2014-09-03,-16.9588953906714,25.54140347483211,12.564605275011818,15.279507983670946
2014-09-04,-16.975621582796904,25.188502131319716,13.619449549253853,15.585653314026882
2014-09-05,-17.879496478650704,26.072592524895555,13.983145250062595,14.735313289949715
2014-09-06,-19.055441530734136,24.230465256426204,11.709407850586459,13.31358477795256
2014-09-07,-20.13448458004881,23.428448658824475,10.289492828135245,15.231159009907634
2014-09-08,-19.663073613772134,22.552357899904756,10.59554260217977,14.785052003059658
2014-09-09,-20.17348730970676,21.803551727570824,10.108255107796657,14.636158369332863
2014-09-10,-21.205424755964,20.877334303420234,11.274178826261029,14.08486879258012
2014-09-11,-19.896905390373924,20.290100589747887,12.269689305795437,13.261902351586983
2014-09-12,-20.641343959432003,17.970082435543944,12.881077354297476,12.672395148144377
2014-09-13,-22.0619014950106,17.65582189888955,12.311967765752522,14.78190615771409
2014-09-14,-22.558870901934426,16.154856948528256,12.989834785256692,13.041600569386144
2014-09-15,-21.624899516251254,15.741982025485868,12.541353774598356,12.756354902892378
2014-09-16,-20.499695966686943,17.510941305417177,13.861071014001523,12.578751742402924
2014-09-17,-20.25702072789335,16.30732926588197,15.25106966511761,14.792554817200351
2014-09-18,-21.29596702862412,15.430024745268724,16.991398611496138,14.259998168627117
2014-09-19,-21.52802077410566,14.349251182557031,17.5745637336951,12.218752843592556
2014-09-20,-19.96048044683968,16.201351826940247,17.46133859307964,10.65417482460176
2014-09-21,-20.655372818906088,14.541382962040322,17.06185929171655,11.565194623700158
2014-09-22,-21.112425444146467,14.821664509664178,18.199069386059257,11.629512091749813
2014-09-23,-21.052911946715064,15.71737759128908,18.45039716258864,12.909247507604345
2014-09-24,-19.746794635259416,16.372659418616333,16.71130581436997,13.720915335352581
2014-09-25,-20.765245991275762,15.808070238993501,16.99964677443131,13.432506910446904
2014-09-26,-20.4754721123595,13.856373731117952,16.64794298070837,14.071705831539788
2014-09-27,-21.88769926625476,14.242943218397512,16.33702395302852,14.705954967218974
2014-09-28,-20.37512989428314,13.149584183332486,16.75087492630327,13.990719375102616
2014-09-29,-20.116827408509764,11.262716040783182,16.585500662767025,12.713558654318179
2014-09-30,-22.21381071411246,11.169260143537382,15.957671053266981,12.477033710395148
2014-10-01,-22.901606644194654,10.238220998563044,15.700469590326929,12.033194262642022
2014-10-02,-22.48548838213829,10.2385240737389,13.63488535400656,12.492243109658656
2014-10-03,-23.279986652456678,10.641249314208546,14.451224542647157,13.593701668427212
2014-10-04,-24.74717106998444,10.446614083114563,13.399492751601963,13.379367952401292
2014-10-05,-25.322594572481833,9.341338714593537,13.343911319011097,14.257918158852162
2014-10-06,-24.864484518304483,10.881980542261239,13.714273189588244,14.71716609559925
2014-10-07,-25.395960858526564,10.311795582532323,13.665980045104705,15.682902246477964
2014-10-08,-26.054846359222505,9.122702055185416,14.305042226914782,15.996283509857845
2014-10-09,-26.046816840569658,9.044154788720483,14.138937752853321,14.243018034369861
2014-10-10,-24.737112628098874,8.711421545628227,14.800120908353833,15.489686931160868
2014-10-11,-25.129786052371454,8.724611970038572,15.343839223754909,15.557620783505152
2014-10-12,-26.56662270986452,8.258232377184939,15.290448598900193,14.495504430176377
2014-10-13,-25.87608079901476,9.10219713477806,13.391092305247874,13.533717785386706
2014-10-14,-24.827247498061475,7.911436041111991,14.383625038423475,14.828335538821019
2014-10-15,-24.970244522706693,8.813371522729348,14.549805073038621,14.611987951406476
2014-10-16,-25.939758907006794,6.922509854406678,14.019983472681245,13.328618656459174
2014-10-17,-27.28907643999371,7.5091107803725485,14.253321886951584,14.311561837853779
2014-10-18,-26.506291638064678,8.086312929478899,13.62726733092485,14.67608814997938
2014-10-19,-27.194145640298295,7.916970874383021,12.923451631448799,14.628921895699174
2014-10-20,-27.508435218407644,10.324971852294343,12.084826588609712,14.32857364470061
2014-10-21,-27.454910684974433,8.950894760803497,10.833549291887355,14.86631228122948
2014-10-22,-27.477923580520045,9.948843175761569,10.587802344524619,14.26254382999471
2014-10-23,-27.485829487839815,10.046316404279441,8.653055282856277,14.456217541162838
2014-10-24,-27.405719424350142,8.847174709476024,8.460983723494252,14.875439460318288
2014-10-25,-27.290097012430614,10.08774361303022,9.685883563792313,16.51908034233756
2014-10-26,-27.043802739083812,12.682115969817001,8.878937048914073,16.622876693911536
2014-10-27,-25.371767391301983,14.777079168757995,8.805466185684455,16.37764675712419
2014-10-28,-25.41325888910751,15.377867563498361,9.698914944596831,14.357584581132942
2014-10-29,-23.803737900032683,15.196620345663996,8.622380170249055,14.116781905005677
2014-10-30,-24.43829769118904,15.419647278165677,9.249325633500202,13.891996035350449
2014-10-31,-23.075096250123387,15.125026323815359,9.096671319688282,15.039329038756652
2014-11-01,-22.472723755257455,17.17382647504218,8.001665739280961,14.085037255682836
2014-11-02,-22.79112506135621,17.924784807563267,6.2480217114302405,12.845198993845733
2014-11-03,-23.89480559372374,15.502982893107951,6.460278495031138,12.243304079278403
2014-11-04,-22.98665307981734,16.14142663779018,5.844429078799368,13.225151404750573
2014-11-05,-21.633197466385433,13.394582100591965,5.650449962915461,14.071758969397903
2014-11-06,-22.751882404013248,13.69609833853356,5.006121258408239,14.502077775824969
2014-11-07,-22.627357316576724,15.087033759595931,5.618958422624148,14.795084210838827
2014-11-08,-20.961993110028796,14.1930754671049,4.908969068825119,15.568069506878167
2014-11-09,-18.352838663557066,15.038669503265721,5.957792141915265,15.174489919929512
2014-11-10,-19.913261868892615,15.57106035070077,6.716827012340992,15.03598951357239
2014-11-11,-22.15070278581143,14.803563052066263,5.475316552775259,15.253592128956974
2014-11-12,-22.05868610482718,14.907361184863321,6.683526723069609,13.41319636933655
2014-11-13,-23.343719613579168,16.63002317045364,7.543519246139751,12.96506124709347
2014-11-14,-25.222938361548927,18.213075095748945,8.361599126939119,12.38576008366713
2014-11-15,-24.4822366582489,17.73544805626764,11.024374338270897,11.94480568352319
2014-11-16,-24.877953829538313,16.711957682947332,11.449040442593931,11.46925917114484
2014-11-17,-24.153789138256403,15.215360806853681,10.406058197244175,12.476386604834621
2014-11-18,-24.227797515383877,14.786796238563415,8.431528661822394,12.740140715164657
2014-11-19,-23.400491290246556,14.097427433828516,7.928734351693999,12.271291175909028
2014-11-20,-22.750184265864615,13.821385617657361,8.978311246947404,12.036503602454784
2014-11-21,-23.90435393175002,11.490194904364909,10.552451136300734,10.464560234936648
2014-11-22,-23.484998885987775,11.143365821511207,9.630164455205435,10.276716090386763
2014-11-23,-24.187744540894354,9.889516952468625,9.404837898189962,10.63844391075412
2014-11-24,-23.12380663587891,9.137223621445768,10.33512719712381,9.446775451164005
2014-11-25,-24.112178467627256,10.791614477140467,10.696647978456708,10.805124524152049
2014-11-26,-23.133768896971084,12.20521947918477,11.674580166299005,9.876606963913739
2014-11-27,-24.86009354277871,10.637960788081699,12.066559569123667,10.167194103697327
2014-11-28,-24.23855522528584,11.453922430509929,11.98559092282915,11.42513369030612
2014-11-29,-25.056810157017534,12.068313929192405,12.680000680811341,12.415286262834748
2014-11-30,-24.612802618598604,10.94352625632382,11.345270389252327,13.142043224866686
2014-12-01,-25.2564706818534,12.02015588103967,9.675325646758436,12.93656477268738
2014-12-02,-24.850367291879202,12.518723924503025,10.56387763739671,13.817984276045355
2014-12-03,-26.27114744672293,13.441275289164478,12.72874800352012,12.470518178478166
2014-12-04,-26.05530744042531,12.168127784433652,12.559589074081726,10.923244407650273
2014-12-05,-25.23724841246659,11.6620876244505,14.35803906704512,10.442930888579687
2014-12-06,-24.94947776139553,11.547607911398156,13.479753639075616,10.759575073843909
2014-12-07,-22.913096546412127,13.225976508736853,14.147574334100035,9.375432542198077
2014-12-08,-21.913133154350348,13.480572857765358,14.710070061593651,10.63021507561591
2014-12-09,-21.94287821309036,12.558308181338006,14.371822409961611,10.046694936586183
2014-12-10,-21.41119121958214,13.300316973925108,15.109988893179917,10.157034856119179
2014-12-11,-21.194687291435013,13.844366898378468,14.415751348209483,10.433908444469596
2014-12-12,-20.88407419302966,13.887093429978723,15.216142048048901,12.93543758175629
2014-12-13,-20.214072963755516,13.827378758426365,15.07856670152361,13.475900764266889
2014-12-14,-19.12015607560401,14.667436296509461,15.798513935691943,15.154738795148907
2014-12-15,-18.16671224369107,15.596815245877561,15.938567629180655,13.84415246451756
2014-12-16,-18.01192685315173,15.22647647617026,16.392992199998794,17.196913105517922
2014-12-17,-17.630501883678406,15.3814534597658,15.733282156297198,18.30926238043822
2014-12-18,-17.82000133578704,16.094344752579058,14.63541068111736,17.29056310402461
2014-12-19,-16.482729084324703,16.70237725339056,14.08442308145839,18.49720617256872
2014-12-20,-15.862555694094219,16.749069423712395,13.718683049207403,17.374044901248773
2014-12-21,-16.084544881425177,16.812546570363374,13.053491374727237,19.39135331956577
2014-12-22,-17.477016931956904,18.650241674424755,12.325501632262508,19.333925067895443
2014-12-23,-17.971795759951412,18.43947141857122,12.529279300146502,18.36724094554477
2014-12-24,-18.50141019046271,18.32556281014613,12.415129603292886,19.491108090075286
2014-12-25,-18.432553499091306,16.898336134680576,14.029692396086256,19.655748583715138
2014-12-26,-18.439464971299316,16.47263628215294,14.243426741287994,19.54016430039005
2014-12-27,-17.548738712970696,14.969958697260688,15.805621844699367,18.432925256298482
2014-12-28,-16.591649502669906,14.361580289506382,15.439653205607746,19.948792284019916
2014-12-29,-15.980291047677548,15.47887204302209,17.399482750600566,19.00227340753826
2014-12-30,-16.934519154632117,14.595564419044129,19.165485645217398,18.091075845720525
2014-12-31,-19.427268390456778,14.805337257927658,19.280304806279116,19.624796558945455
2015-01-01,-21.275781273669555,13.687095953963054,20.22368243998085,18.78970645947397
2015-01-02,-21.625520889684115,12.96445113371018,22.285722948718774,17.894516033072165
2015-01-03,-19.09366671597394,12.065042719726138,24.746478627107415,17.63232633155099
2015-01-04,-18.385891914568084,13.39988882696641,24.179408748148838,16.822791189964565
2015-01-05,-16.40824290362037,12.850220038426208,22.27003352079929,16.21865548043406
2015-01-06,-15.572737201545724,13.112013478108448,22.699173030198924,14.870732521647453
2015-01-07,-12.977340704059667,13.875448517517958,22.577962570680675,16.583763786038936
2015-01-08,-12.85092437545858,12.199737956664073,22.231668904819184,15.34631783049973
2015-01-09,-13.940957946906318,11.549147008804695,20.584401892502264,14.819584281082381
2015-01-10,-14.391219319189203,12.10051172761078,23.028937408599482,12.362528846245176
2015-01-11,-13.89178744743939,11.035041379170856,23.785760808467842,13.192470263968778
2015-01-12,-13.62236278790828,10.771424550150844,23.892087372751178,12.834586799038192
2015-01-13,-13.11392513480338,8.68229786194406,21.429925885740186,13.2813086546887
2015-01-14,-13.471793631923102,9.640746889969861,20.543214516424815,12.942368645382642
2015-01-15,-13.62471091366872,10.347402861156949,20.350959793062913,14.757245118596323
2015-01-16,-12.845103654026078,9.892614433045546,19.352206039923274,15.92991932108557
2015-01-17,-14.494797162030482,9.781449726391704,19.92521285667054,16.427304139992675
2015-01-18,-15.323322648694475,9.950999596319635,20.25157252464583,15.030670597737169
2015-01-19,-15.035901888351045,9.91570200774522,20.58791765209154,16.81200124218516
2015-01-20,-14.104571465602803,10.03551445908291,20.252129029048135,14.305322433992373
2015-01-21,-13.552999642103206,9.718817973556432,18.793156858868645,12.833048558313617
2015-01-22,-11.804753815702632,9.854782100684154,18.345573664899536,13.886040070708415
2015-01-23,-11.503241647954098,10.96264731115363,17.96271339961808,12.852408602274147
2015-01-24,-11.624833045259747,10.990579549348405,18.80495355933653,11.831699919877247
2015-01-25,-12.37095233116365,11.29311544507168,19.621137736810415,11.773649689201596
2015-01-26,-12.431088011748564,12.643377639886847,20.087474119347917,10.763329868117573
2015-01-27,-11.94784964593383,12.710208293356102,19.57224556394398,10.717758525632096
2015-01-28,-12.258395034336083,12.595946110963276,20.214028755102646,11.07248184839265
2015-01-29,-12.945000867376892,13.50415959447514,18.76421200233721,12.27071311458684
2015-01-30,-12.24792188040256,13.901669916349192,19.3130612715171,12.079527672301273
2015-01-31,-13.624810081850567,14.30910783885429,18.83193216806755,11.82095966211022
2015-02-01,-12.718922496341103,14.601401209879208,18.57382139568081,12.089638946656562
2015-02-02,-13.38956848066071,14.273675355533035,19.19210103641787,13.642327326832854
2015-02-03,-13.388056063770545,13.90497470123221,20.316582988212545,12.550402864287985
2015-02-04,-14.21489073098114,13.392849042254408,19.490488740440018,12.72503703544498
2015-02-05,-14.09415117146102,12.081701595544088,19.60762221740323,13.735003849109741
2015-02-06,-14.147131235517461,11.805238016837041,19.72308839733008,13.194850141537266
2015-02-07,-13.900039149248451,11.11827133484938,17.140611562213657,11.203458950305862
2015-02-08,-14.174743582812622,9.571397140600236,17.637262801962297,11.25939054226877
2015-02-09,-15.728779667586384,9.208886395405667,17.331840226935814,10.193808590463968
2015-02-10,-16.48519352540734,9.878354450851418,15.42635187735529,11.168645911437938
2015-02-11,-16.12922483660108,9.66848742802252,14.17351959438866,13.274013870380127
2015-02-12,-14.595122842792772,11.235050005908763,14.271576651228427,11.292457805542247
2015-02-13,-16.016856380744283,13.234419334894644,13.091947437167862,11.371402666128942
2015-02-14,-17.521202998901963,13.887910717045623,12.341625857541619,12.00551424289204
2015-02-15,-18.362682991910997,12.880048636680632,12.092601582579082,10.186467793541697
2015-02-16,-19.48641799759829,12.680347801785201,10.957160931049161,7.921116085897004
2015-02-17,-20.040235235218493,12.179870017413135,11.084017733366958,7.73469846180387
2015-02-18,-19.975326616228106,13.093371235628844,11.123528096105305,8.177790319733823
2015-02-19,-18.836375299052847,11.663920131777905,11.385695135703646,8.290540789093416
2015-02-20,-17.39403921747434,13.571390376623272,11.114680041402986,8.78134549672517
2015-02-21,-17.578583561299713,13.95571156048272,11.466807899882383,9.72673354369049
2015-02-22,-15.364219860378917,13.824203663105651,11.307304340785787,9.658822378624086
2015-02-23,-16.105767004102262,14.97230093667924,8.36840932656624,7.936681707043226
2015-02-24,-15.042193436523439,15.652093998258767,7.9960344072592715,7.592431863432234
2015-02-25,-15.94424356835767,17.142269676136877,7.856338133714854,8.496841838268985
2015-02-26,-14.912707797681716,15.561946701839286,6.673798199095829,8.10198216789965
2015-02-27,-14.462779345685341,17.17047160113385,6.455029635737161,8.666958027742911
2015-02-28,-14.824632764804845,16.638215532191317,6.943050025122001,8.506527902250362
2015-03-01,-14.855299174734322,16.258173291542334,6.502988166056036,8.532785827622538
2015-03-02,-14.502026773937107,17.10311222768453,6.172817288499356,8.742570105381139
2015-03-03,-14.009059819015517,16.184844626685063,7.138532935283394,8.107544509328935
2015-03-04,-13.230133177649016,14.808864525140045,7.798449426968542,7.787863712630383
2015-03-05,-13.648348758002086,15.651299364119323,9.258393127539023,6.544975054074346
2015-03-06,-12.941147857228433,15.651862256919456,9.078268208057139,7.03314133750788
2015-03-07,-11.726210362252004,16.900551482656283,9.502518540658633,6.760177361614043
2015-03-08,-11.827056280804682,17.029239270339712,8.440892013055787,6.874916152405375
2015-03-09,-12.372259524400093,18.959380692023103,8.977078595906324,8.234135202432038
2015-03-10,-13.041083607908927,20.19518439242524,9.986811659488238,8.558066010325131
2015-03-11,-13.175271221574235,20.53913463743473,9.006561933057853,8.708288783917343
2015-03-12,-13.752943153653765,20.56852430361498,9.317689247289529,9.857910263973562
2015-03-13,-13.045988829203537,20.99769304462129,8.638224347576443,9.816739043034133
2015-03-14,-12.569168182986969,19.61612700390802,8.972837012049931,9.630682370399494
2015-03-15,-12.301423246443093,20.651674902020353,9.189414979084718,9.39549912101599
2015-03-16,-11.035947254936804,19.64687622069013,9.60781754586674,9.839761981579045
2015-03-17,-11.180460002628339,21.169133156738763,7.455301774483393,10.354865157250998
2015-03-18,-11.516446181494265,20.66480726665252,6.994753672227116,8.451671795974905
2015-03-19,-10.677576234889777,21.853115770514542,8.085723475729514,9.279396166969299
2015-03-20,-11.487898441970692,23.32109920869331,8.451729977195791,9.208476389482504
2015-03-21,-8.638024259494745,21.27324601707963,6.915893403941279,8.198121169900565
2015-03-22,-7.315237632359591,21.21631931438581,7.296616436018071,9.000515628801905
2015-03-23,-6.717420719696241,21.37479924446929,7.646065367962797,9.5347770104804
2015-03-24,-7.742342439806397,20.7253152656619,7.509957413953423,9.021234983291212
2015-03-25,-8.835580316667611,20.943059282832575,7.806479927824472,11.448918802269846
2015-03-26,-8.928564738099706,21.208780391700333,9.423450410339687,11.154848837206018
2015-03-27,-9.110225047450761,21.779787007749306,9.394201499755656,11.496827540610361
2015-03-28,-9.796766009227726,22.643367025247564,9.377080541379813,13.025196921426456
2015-03-29,-10.197243763522067,22.922169099531303,10.412966605244836,11.708419369527185
2015-03-30,-11.8796978777655,24.31160466017232,8.295958862967517,10.789557500604765
2015-03-31,-13.02074413883603,23.419875752512414,8.054377810355188,11.854503135087475
2015-04-01,-13.786993066000203,23.017126927588844,9.307365752533578,12.878382925483095
2015-04-02,-14.818877702805782,22.620969625335075,7.922302735959183,12.060503316876414
2015-04-03,-15.539735816179178,22.466598826499183,8.74906224270002,12.076103695023571
2015-04-04,-16.068079259718754,22.865220416042646,8.961130628910947,12.027700745162528
2015-04-05,-18.128189300210735,23.06912406615043,7.783790686013077,12.53346107647378
2015-04-06,-18.55551513848125,24.993869384498677,7.984125409680317,13.056714495305377
2015-04-07,-17.532470309576365,23.980595342264202,7.865440426387477,13.8268462972186
2015-04-08,-19.15369570573495,22.917685881881344,6.8639655593532485,12.55101849578053
2015-04-09,-18.92517660870539,22.45145335070056,6.641582908357815,13.567757977559967
2015-04-10,-18.828605547831685,23.374400823032005,6.730254720473595,12.723376291205772
2015-04-11,-18.907530042121838,24.33020871221185,6.75576164995863,13.365463416002761
2015-04-12,-18.173208714142607,21.612681912803573,9.585750386167025,13.04791698242208
2015-04-13,-19.330399895723453,21.507999215057453,11.374984084780605,12.336839226146383
2015-04-14,-20.170363202621033,21.937010058643036,10.435913541232289,12.080305819693354
2015-04-15,-20.108015075381722,20.45732952830411,9.800030969810221,12.14525703854774
2015-04-16,-20.502865345991086,20.400972949398597,8.603628369721102,12.545778404625874
2015-04-17,-20.615347218562047,20.365733509565192,7.530848982365175,13.142608441761235
2015-04-18,-21.393018937854123,20.019483025656143,7.764922286739726,12.900200375149607
2015-04-19,-22.321155459190027,19.01366596941929,8.064517457750014,13.769849498898774
2015-04-20,-23.962984861753718,20.75481334719197,7.722195466969311,13.802581842024024
2015-04-21,-23.61951267569646,21.75403770391056,8.227309020938254,13.354712759579108
2015-04-22,-22.873791873669532,21.709454154973287,8.95414063762773,12.507941275071053
2015-04-23,-23.03437913491994,20.862960205346173,8.395296605433515,13.081656068547247
2015-04-24,-21.48457292248476,20.276873189435513,10.011516215454671,12.58148399017208
2015-04-25,-21.24797243636323,19.94633497623765,9.543343652658669,13.180833742478251
2015-04-26,-20.835882415209333,19.944095455546982,8.46830868503972,11.552679738891834
2015-04-27,-19.930644145807026,19.198937265672924,9.115828212840723,9.876566915845482
2015-04-28,-20.59546745818483,19.141278619283334,8.978967051106547,9.98662101562144
2015-04-29,-21.37958661826554,19.653636726058448,8.901572617312649,10.139405651507214
2015-04-30,-20.726906014611867,19.520783566169765,7.653855421205278,10.413381214114747
2015-05-01,-19.895831718132374,19.931892851252627,6.463009572026708,10.223205150447
2015-05-02,-19.085107066534917,20.295390355756428,5.922091252557164,9.801166996831517
2015-05-03,-18.615789606411997,20.597571690285488,6.819520776132492,9.38745697152651
2015-05-04,-17.768248680944467,20.096148996671694,7.489556151829637,8.763281302873068
2015-05-05,-16.61905999225668,19.689711754343847,8.454188804327623,7.013575209407452
2015-05-06,-17.429607214782912,21.535092062985143,7.219332738746293,9.316125569580414
2015-05-07,-15.977659638795863,20.47804582731049,7.284805090695699,10.025029395176293
2015-05-08,-17.558026267620413,21.300208406277623,7.2696970700758605,9.64196484477922
2015-05-09,-18.37213912838265,21.15970826031086,6.840885586384526,7.865872909498561
2015-05-10,-18.36737688345462,21.334902112124524,5.89241821619735,4.792120575058467
2015-05-11,-19.662985185899775,22.222987387677346,6.5282227322043065,2.619335913743183
2015-05-12,-20.570573445567177,21.715508303800345,7.461748713720022,3.8480429766849173
2015-05-13,-19.294353488964,19.775271618532265,7.369656802155521,2.586979797753953
2015-05-14,-18.260234216682207,19.054999289504707,6.138795247993391,2.2395220555703714
2015-05-15,-16.178532563204605,17.59980146108291,6.9447719681816125,3.4266763391732336
2015-05-16,-15.032629727729253,18.359977292015852,8.693821090364102,3.9042684341169203
2015-05-17,-14.30311812528471,18.854984295056845,9.480808039121424,1.973597651627204
2015-05-18,-15.33202392168304,18.37998751061872,9.43838257371158,2.033703524019591
2015-05-19,-15.152723660879674,18.908452310665165,10.388300002013123,1.867979984336696
2015-05-20,-14.637229037699221,19.51895035441254,10.9540345286112,2.488084610139318
2015-05-21,-13.69312573730568,19.487554256230787,9.817909387457636,2.1695798183585304
2015-05-22,-13.879264898904138,19.26379791401023,10.75980495320729,2.8216986997512614
2015-05-23,-12.702065301388943,18.54983304522613,10.179206944840336,3.8600945672931224
2015-05-24,-11.524145404572899,19.834137717266366,10.012326941482916,3.387539869055084
2015-05-25,-10.963769804152763,19.920033947407916,10.103000138362486,3.05459824581944
2015-05-26,-11.645205152695045,21.14544964355475,10.591194226497851,3.298544171494311
2015-05-27,-10.972896624624607,21.11291720831533,10.756602939477107,3.4116081242297254
2015-05-28,-10.586344957269569,19.492670180712445,8.597593659352176,4.515853705182968
2015-05-29,-9.479917435076668,20.996388843819634,6.784471456576014,3.502659628222674
2015-05-30,-9.497867395081489,20.195578590663708,6.29593852478982,2.1429851678991354
2015-05-31,-9.76236814594619,20.014426727469324,6.126434541582251,3.375080036275428
2015-06-01,-8.515883765907914,20.214925648653523,6.151129544838334,4.115561058185175
2015-06-02,-10.62538482366862,18.44911616911584,6.318110373352124,3.614764620808612
2015-06-03,-10.867934433564018,18.3490919874486,7.84779420578693,0.703680738832952
2015-06-04,-11.333349064928864,18.028591555478993,7.251794678403145,2.7364509134786377
2015-06-05,-9.510308017888445,16.276050706726522,6.724848855123686,2.8928843198569405
2015-06-06,-9.515068771184133,17.491593218525637,6.926464506769556,4.058164817977998
2015-06-07,-8.859049060990086,16.104557769080515,6.370124093092264,5.480190649863316
2015-06-08,-8.593279926957289,17.04690105410225,8.123610363192576,4.850673833375187
2015-06-09,-7.845245553902604,14.808240388580678,9.644486024279788,5.545564559991035
2015-06-10,-7.150557055336387,14.282975303228541,10.312620891816977,5.6326386536933475
2015-06-11,-6.7567247908113695,16.467837030018003,10.432558777963997,5.351398464454687
2015-06-12,-6.2748747719530025,16.789512183103426,11.361646258230676,5.631442767264768
2015-06-13,-4.714976498492385,16.882743259729917,10.479148123508606,5.398715983310572
2015-06-14,-4.69074204261852,17.101970270525857,11.268950490640274,4.116097644418101
2015-06-15,-6.5430462645070575,16.405604374812132,11.779786574334913,4.043939937618658
2015-06-16,-6.621701850725448,17.97662525551333,10.46340888086288,3.9552478614883118
2015-06-17,-5.753685938091615,19.05627538484232,12.402778456461652,3.9500728294528997
2015-06-18,-5.806149886278402,17.988412775811238,13.675732176628598,3.335906594722587
2015-06-19,-5.067520439797265,16.540091271651427,11.67125842028528,2.435238015527713
2015-06-20,-4.40602448335789,15.71975868871554,11.037372176597879,3.4551862511665736
2015-06-21,-3.3955595635746154,16.944479961198585,11.664011051784172,3.1989677517735577
2015-06-22,-3.5020569389832095,16.65573295583874,11.630608162576582,3.7813914041421395
2015-06-23,-4.776763659240832,17.268550780337236,12.283335024753729,2.1028813212972945
2015-06-24,-3.016457931480372,15.86048273745309,13.037714321867089,2.299924479205233
2015-06-25,-2.565358496316069,15.572590040952528,13.847318509675464,2.2563946535600574
2015-06-26,-1.584747362599522,15.768712189069516,12.3061810757946,2.189505842628005
2015-06-27,-0.7497588384225061,15.603060291708188,10.74148756561857,0.2657983805158344
2015-06-28,-1.236206299920565,15.158363318000374,10.485551447240498,-0.5703995847113073
2015-06-29,-0.6551318557178806,14.234857030961159,11.082008229117413,-0.2176086847782014
2015-06-30,-0.9367198353824924,14.807464729357346,11.343387264847202,-0.6854642393477091
2015-07-01,-0.8101576652190923,12.21035151392091,11.193969471096617,-0.16981660016889333
2015-07-02,-1.123543278062189,13.395207685086193,12.473357208714663,0.19636269418655367
2015-07-03,0.3382100877867218,14.711122788232746,12.689969629016304,0.29906630624195385
2015-07-04,1.5816363862085527,16.26221242414786,11.445482718072855,-1.0133769413963283
2015-07-05,1.3912125728687987,17.70860158370403,11.485117953805664,-0.8711347326188323
2015-07-06,0.956242571197805,16.726698345000717,12.134433190573422,2.1589153977047237
2015-07-07,-0.0015587307480560142,16.525323819929653,13.532185460714818,2.006766805365925
2015-07-08,0.5916094409185223,15.80118204991916,13.669540339328252,1.6260665332728628
2015-07-09,0.10991436286779233,16.242876356967702,13.144256103515957,0.7677742917382678
2015-07-10,-0.14651826018001157,16.976111115094874,13.386352050959017,0.4022446155278442
2015-07-11,0.6394888485338434,16.218492353343777,13.613423764322048,0.14216848206763744
2015-07-12,-0.21632644435952741,18.008978088730977,14.798530647053294,0.3723336303672884
2015-07-13,-0.5569558576797289,18.454943493148033,14.219654265062605,0.6297186157941586
2015-07-14,-0.20855008309037548,16.648537625189515,12.459043341336027,-0.47057120388456886
2015-07-15,1.5203910077253338,15.974269802076302,13.325152623667188,-0.9843934539822636
2015-07-16,0.740978525964314,16.082145583354336,11.481476431519841,-0.6805404112188208
2015-07-17,2.163442345868991,16.205844616734915,10.841451584431624,-2.3047870939493498
2015-07-18,1.9455941749086265,17.284097735638817,9.193454066589304,-1.4679723570062957
2015-07-19,1.9121393203139654,17.89833102030304,8.604217079403284,-1.7229521043992473
2015-07-20,1.3820911204687447,17.876698572790286,8.243011162464706,-1.7550779355786787
2015-07-21,1.535421158459094,16.693193543861206,8.160762079366652,-0.9385386047756641
2015-07-22,2.530930418036894,18.334805814310723,8.10774947405271,-0.5079020295807247
2015-07-23,1.6749382493950546,17.830970172465133,6.8564764243026906,-0.5676836345823089
2015-07-24,0.9582497206468715,17.174312729108014,6.820581742307869,-0.5695390524496693
2015-07-25,0.9575036315845838,16.37524641167223,6.6780414904686385,1.0387288766657434
2015-07-26,-1.1278556938930753,16.970317402652118,5.6513271892491925,0.1725001471960559
2015-07-27,-3.3037803190860995,18.979110309365808,5.073146882635708,0.5033689346157193
2015-07-28,-1.196034387768925,18.229073682369904,5.219484531795697,0.5905195241163211
2015-07-29,-1.9032652023784609,18.260136707378873,6.226960891567907,0.5456240707523714
2015-07-30,-3.452109249816715,18.010142486124657,6.450871775174133,0.5117330665907909
2015-07-31,-5.156803638066543,19.53639030612095,6.8907822513658425,0.775337997257298
2015-08-01,-2.805558300677142,18.975739476256106,6.821047430900505,0.6613056793737404
2015-08-02,-3.3588822242300793,17.548890622704807,5.199563212945433,-0.5463623831826345
2015-08-03,-2.6943745604520393,16.270749717387783,5.7520626828811405,0.3813241933563042
2015-08-04,-2.6316091527961967,14.997246328200507,4.8756192458394345,1.4297400351673328
2015-08-05,-3.002752745784788,16.433599622162102,4.9021376280953755,1.4723744608946776
2015-08-06,-2.6020163942450028,16.91054150903863,3.593715064893644,0.7184346970834844
2015-08-07,-3.5335316858626964,16.83865302072271,3.12344100395473,-0.2531339802534738
2015-08-08,-3.8141831901910392,17.819857816029057,3.4457972776123875,-0.3461727402888738
2015-08-09,-3.3238371688016493,18.805915267638397,4.593690439863437,-0.17473293801770556
2015-08-10,-2.3798190144113334,18.443553791673672,3.3010605336353893,0.09545030174442964
2015-08-11,-0.9703952890140524,19.091706060639837,3.2628180754552294,-0.886976999734703
2015-08-12,0.26860137084500013,19.947316171221644,3.5225383093870994,-0.5171295896690968
2015-08-13,-0.6367874687421239,19.522339319613216,3.023567099044879,0.7253760946933674
2015-08-14,-0.5225661991230116,22.02550885611719,1.5227084534671937,0.6007397230679924
2015-08-15,-2.6098569696358416,21.27550478970257,1.910236489618035,-2.0722629755105118
2015-08-16,-2.808684900179572,21.814685345466067,2.793619608825901,0.08551405484575048
2015-08-17,-2.6394298829886433,22.547269133486374,3.784961245776361,-0.4007186455742243
2015-08-18,-2.2287205156530256,24.759033388585625,5.942766751073252,-1.2690596013250914
2015-08-19,-0.9214265875067165,26.464106967393313,5.6389570180563116,-0.8733878141215867
2015-08-20,-1.6427603967903492,27.389977370847763,8.317411036606444,-0.77572660375753
2015-08-21,-1.784003426982257,29.12242663412081,7.344629417021159,-0.13696741324425477
2015-08-22,-1.6306825662293523,29.28357888397799,8.085714487825614,0.8022308394950707
2015-08-23,-0.6535210249667286,30.410034592753313,7.657666077084246,0.45267063436229993
2015-08-24,0.3918284110253366,30.428179750615396,7.027385217810972,-0.5019060612527988
2015-08-25,-0.12303302667371019,30.202383030190983,6.203602402506421,0.33066258789914016
2015-08-26,-0.5704741106865736,29.91305544070768,5.653065452177346,0.32756842218179955
2015-08-27,-0.41278062608433685,30.826538081574085,7.048995794590707,0.7192602491463878
2015-08-28,-0.39488898646357523,31.989197537391387,6.159885477670146,2.668101266782588
2015-08-29,-1.3143785952773888,31.05231027384557,6.60469900469931,3.3246082189162127
2015-08-30,-0.3508813060230985,30.528633381295666,6.2330372959769615,2.3328996197994973
2015-08-31,0.08082573030830686,30.9359200382536,6.13614645518043,2.060422117483433
2015-09-01,1.9017454026356362,31.818419381014976,6.210817344015248,2.064641526767976
2015-09-02,2.7228417519761465,32.68821504923355,5.928357795433392,2.3029432235119067
2015-09-03,2.5691765601674996,31.84213475060916,5.932827695386771,3.1997125110374274
2015-09-04,5.030571955774532,31.883330166615348,6.973005241540785,2.9840604948953318
2015-09-05,4.521589370393073,31.27512883689653,8.31324637149576,3.6089938719347034
2015-09-06,4.917880572587685,30.579923339257707,7.737176452500303,4.105349549838095
2015-09-07,5.98042826444277,31.631919379014327,9.153016774779996,3.8501949424425033
2015-09-08,5.682036196085039,32.204555370993795,9.458480166135564,5.255159548281181
2015-09-09,6.746644541333536,33.43111946869232,9.69052874977404,5.409618118585492
2015-09-10,3.788987616530837,32.65980880554727,10.195503472601336,4.863396600728154
2015-09-11,4.118975757958762,32.215701653422634,10.132047396061317,5.072661788350374
2015-09-12,7.243582444553228,32.0924350484466,9.433972973979314,5.483738254270709
2015-09-13,8.962274871170568,32.222764587132446,9.128164015979802,5.732808975442029
2015-09-14,8.448025945740538,32.87897339028405,10.169308861609624,5.158680355363313
2015-09-15,9.067890154259706,33.0351722163244,12.11281657292888,6.453787703859931
2015-09-16,8.58176998569393,35.270801241350284,11.521266190133453,7.925662469917166
2015-09-17,9.024885962167014,35.040297534697096,10.660834146621054,8.277372853661898
2015-09-18,7.935797089189023,35.075613421731255,10.341242484083729,8.176300879421433
2015-09-19,9.125660241796007,35.37270469053739,10.828182407630678,8.35884683492318
2015-09-20,9.330484293978039,34.85572801984255,11.750564869535602,7.628195296779821
2015-09-21,9.489072351951306,35.40195383063285,11.891814396868684,7.228109062656927
2015-09-22,8.586064722474884,36.82287190877514,10.533793924869006,5.816818083077652
2015-09-23,7.445410741535898,36.91800977642922,10.560981388598005,5.054249274066338
2015-09-24,8.494520816797207,37.904031200931385,9.953516947395368,3.8081389717838974
2015-09-25,8.928327669446022,38.28606191741036,9.678314775649966,1.8854854453049108
2015-09-26,9.770567021034632,37.960219749137224,9.380854037085625,1.0992077649943908
2015-09-27,9.535210984260667,37.27786201511736,8.894653270309997,1.0590575584926476
2015-09-28,9.073051161264898,39.37143178206711,9.733314365774863,2.4578218798687024
2015-09-29,7.689144384385279,39.97760321619992,9.969271185357913,3.3752102241572386
2015-09-30,7.656272857817605,40.417069702395764,11.481625763174797,3.8143652061927766
2015-10-01,7.069381747319186,41.106724803463294,11.289787287873354,2.953086453559726
2015-10-02,6.084104104286242,41.57009674676122,11.278379897135393,3.69600151844364
2015-10-03,5.9744288879895056,42.30806399091781,9.770830324489372,4.72246028418237
2015-10-04,4.677953389270291,41.750907826853926,9.095006455790156,4.860175114827796
2015-10-05,4.117360484298777,41.52776105788571,8.959853530190175,5.586645701093301
2015-10-06,1.8606572039757059,40.261301807822214,9.946809168745332,7.28726045900679
2015-10-07,1.181277823927252,40.37414445212872,10.078926317111977,6.256987287252273
2015-10-08,-0.07300130458934051,39.81175099218359,8.688711766294208,5.192127002749693
2015-10-09,-0.3908701749672423,40.582392877725034,8.130131072099594,5.343544588696401
2015-10-10,1.1450421550315715,43.88814721087456,8.568153129689577,5.5874248711833205
2015-10-11,-0.039380193829102295,43.11462933170465,8.092796563824098,6.540754665088281
2015-10-12,0.6184175052997017,42.88452360445936,6.433500135985092,6.9978608714560515
2015-10-13,-0.8774987040329539,42.574787964748644,5.952313078578433,8.347817403315757
2015-10-14,-0.6852615267402621,43.26242140873258,6.419183962246933,9.399342891981197
2015-10-15,-2.6484766411627887,42.806955437642856,6.8672914676094985,7.649287623127296
2015-10-16,-2.9979465068376046,41.92027226297674,5.547432510501334,5.787834590439602
2015-10-17,-3.740856127011077,41.061519789010575,5.378294674693021,4.77468549741559
2015-10-18,-4.024366182819876,41.392846754749954,7.338231458748754,3.9442776856923416
2015-10-19,-4.2741388542261936,43.58958025858446,7.122430073321683,2.1732288584999244
2015-10-20,-4.774858494636134,45.05068959407118,7.458210743222353,1.5379245285345187
2015-10-21,-4.528377672117584,44.93701564196704,8.430719959769778,2.3559680843231137
2015-10-22,-5.697636042245197,45.259127476237516,8.871554308748971,2.9183856032935878
2015-10-23,-6.999087716978922,45.19788226910395,8.738030522806582,2.9298764069856627
2015-10-24,-7.068221646133444,45.205437485754764,9.102323257528973,2.693536264466826
2015-10-25,-6.700755116049587,45.1560323688639,8.647413171698233,1.5717785135786493
2015-10-26,-6.710895984772048,44.693748430350254,8.322294308159826,2.6022764855019713
2015-10-27,-9.624803269060529,43.414548246009886,7.557379309667082,2.214074455039606
2015-10-28,-9.31260463706166,44.853221072654584,7.942241701511279,1.6619577524956695
2015-10-29,-8.630710248398017,44.529536285921544,9.364785112010967,1.0192277586126455
2015-10-30,-7.346978364042085,43.28989862867655,9.440258188419929,0.6104427433375166
2015-10-31,-6.548863675471676,43.91609101209845,10.218607305664126,1.7897094771682036
2015-11-01,-6.957658836426137,43.35364991469836,10.260882720489917,0.04978430036283976
2015-11-02,-8.31857479320017,43.24816042882238,10.645986832710609,0.09377317825756123
2015-11-03,-6.97313095936205,43.57204463804248,9.885719868635457,-0.44742483410172484
2015-11-04,-6.495209407201857,43.71906939903081,9.852054536277135,-0.7909106848554235
2015-11-05,-7.2235905081957075,44.3800866663111,9.879496965887924,-0.5574442324343651
2015-11-06,-8.78888813056419,46.13156203049323,10.384188784388256,-0.6957758077217446
2015-11-07,-8.038837832429785,45.85239126828494,9.42045612714316,-1.0073344559074497
2015-11-08,-6.76445542905889,43.23626050044886,9.970962368554783,-1.2500150119162199
2015-11-09,-7.122726733356943,43.589607318625,9.785482286553513,-0.5948206661009491
2015-11-10,-7.125515737837609,42.955899372363895,8.616197513164913,0.8078667155983913
2015-11-11,-7.122710637437301,42.338489926416514,9.601747347083236,0.9070648811501363
2015-11-12,-8.307818945467343,43.7393951806979,9.31493882088243,1.8059992738277857
2015-11-13,-7.400794210302703,44.86949943882077,10.697254496844405,1.6589252230235276
2015-11-14,-8.971698642430983,47.43088683863579,10.522374530443827,0.651127751359788
2015-11-15,-8.61046808329992,47.419505479225684,12.285887418136415,1.1994887943250556
2015-11-16,-9.46552989679112,48.02337099687421,10.527299423108671,2.8431761290501045
2015-11-17,-8.260561019057436,47.39836824208146,9.106360189956924,3.366464577989724
2015-11-18,-8.926994149086104,49.5185706604934,9.202777390666558,2.19134517168593
2015-11-19,-8.904581658505284,50.95000226317238,10.236643082003159,1.501477965126305
2015-11-20,-8.010071509282525,50.88766668682435,11.334382195526475,2.9902176299980914
2015-11-21,-8.727138144952852,50.26193429513628,12.030419251939056,2.913489524365412
2015-11-22,-11.256781379350398,50.008455013439395,12.903702551468037,3.493149089491223
2015-11-23,-10.971039480189555,49.654535108019125,13.578011413011167,3.40261507866323
2015-11-24,-10.499079529378387,48.50333241146027,15.467879265376347,3.1098451684186164
2015-11-25,-11.986809466393835,49.86900530650374,17.607657600435463,3.876896162565988
2015-11-26,-11.128546355619042,48.127703868059655,17.534458677554543,4.412520639966356
2015-11-27,-9.892290457695916,48.39310198466967,16.28581346806605,5.373351835247517
2015-11-28,-10.755300217398466,47.69442709567157,14.276827164497568,5.540045971291165
2015-11-29,-12.17353672888219,46.14745643766384,15.017807091587246,5.0041521626305325
2015-11-30,-12.405086312398305,47.37908477328282,15.441785382799866,4.305385654417275
2015-12-01,-11.32604672226999,47.75122622054094,14.422189885351914,3.574673697842697
2015-12-02,-11.590431485000538,47.81000853587173,14.238425173220415,3.6361297191726085
2015-12-03,-11.437436872842806,47.37363547876681,12.963578577280593,3.181578790908789
2015-12-04,-12.212379266563932,48.037906315183314,12.575596143148871,2.64156149828516
2015-12-05,-12.586597559712398,48.19963332954306,11.399011934599578,2.225593192416133
2015-12-06,-12.988843819146082,47.47022947271683,12.18952051702022,1.1785188538576423
2015-12-07,-12.672879186099273,48.81039997450566,12.332930398261233,-0.9922266142325107
2015-12-08,-14.19534929040709,49.4444024762519,11.86027202284388,-1.2036664855008852
2015-12-09,-14.599312016140443,50.962746836272764,10.886471467016605,-0.5425481079989516
2015-12-10,-15.659394667319852,50.204727966385335,12.22010739638653,-0.8167497108952719
2015-12-11,-14.539490013125693,48.44935550390563,13.200785511033903,-1.69113113744361
2015-12-12,-13.821988777263744,46.78982459514649,14.710530248844394,-2.2984532797910386
2015-12-13,-13.177948348969164,45.87962844916243,13.547577178480653,-1.8249670536360691
2015-12-14,-14.905174955640918,46.18481996769248,12.24985023634075,-1.3982160057827073
2015-12-15,-14.697835788918242,45.338596332291786,11.435006169934201,-1.999115596659781
2015-12-16,-15.3018354819463,44.35139060765451,11.81097766972653,-2.501419005408005
2015-12-17,-14.283322938723604,44.02466184860686,10.799831069554095,-1.7589916255996423
2015-12-18,-15.087661495906445,45.32416889943024,10.271332611901556,-1.4616949150615675
2015-12-19,-14.07549327983996,44.0269273770545,8.118576383165973,-1.7095686991902415
2015-12-20,-13.825540826516256,43.36946431335277,7.732450139480146,-3.0804274151787006
2015-12-21,-14.153355134052132,44.37832995777208,6.268093747027756,-5.634932254685621
2015-12-22,-13.976497238468442,43.08509539399085,7.748092444185806,-6.620501447992065
2015-12-23,-14.597699183128947,42.431364174206365,7.225015857896387,-6.02177177095235
2015-12-24,-13.258072761365117,43.2134419195735,6.64252617606887,-7.433886695173869
2015-12-25,-12.40514833274037,43.25491104302563,4.500133664584699,-7.0948902598638295
2015-12-26,-12.194713523359242,41.686108983398384,7.164020256176361,-7.222472406121054
2015-12-27,-13.148832007435468,42.10277938746928,7.119645702667946,-8.060030485963857
2015-12-28,-14.508167183929931,42.678546197773045,7.213006305589694,-9.835635229477562
2015-12-29,-15.662889950464228,42.80900321862935,7.319937756257969,-11.326528410787642
2015-12-30,-15.737148527676498,43.57492914436895,7.802110401481497,-8.828214508600139
2015-12-31,-16.374275470321937,43.61031967505683,7.716028859366901,-8.478155577208046
2016-01-01,-16.28745504924109,43.91152368511242,8.723370283535983,-8.403976487644881
2016-01-02,-15.777452592601625,44.72329741813333,8.75055862950602,-8.087179119894028
2016-01-03,-14.132670093339426,45.51297852883345,8.059010482813164,-10.207615507048951
2016-01-04,-15.09130572227784,46.4580763041414,7.948184369178653,-11.108978870484066
2016-01-05,-13.99305243174863,47.75106346504753,8.391075571503675,-11.34375751086925
2016-01-06,-13.053715143655262,47.763197176626974,8.159506042379823,-12.747486836189967
2016-01-07,-13.664024536390425,48.2317331154027,9.09930617962737,-12.854618740284765
2016-01-08,-13.763514980773808,47.03803494390287,8.979212694581586,-13.970930842783376
2016-01-09,-14.0422497145755,44.40483843186944,10.299998935676637,-14.23996641983672
2016-01-10,-14.71563744429433,43.76542804899819,10.63664495800186,-13.949414379461043
2016-01-11,-12.875833572247515,43.36399525377828,11.816747767712329,-13.76989682856956
2016-01-12,-12.52333314449432,42.24169462364786,11.81116874565156,-12.672518711313144
2016-01-13,-13.674182939093102,42.14871483931708,11.45557196068895,-11.86862535806536
2016-01-14,-12.994958339356227,41.28011338653177,12.02458863409178,-12.690549485512653
2016-01-15,-12.353637867208777,42.01050540386399,12.062105248670228,-14.887914812737336
2016-01-16,-13.04761349397647,41.23714826833889,12.153658009751519,-14.774951347390477
2016-01-17,-12.641857609814274,42.770413567190815,10.13095934032809,-15.550747035768826
2016-01-18,-12.788702901427117,42.313661816990816,10.860212075851718,-15.718502688938688
2016-01-19,-12.839736641803114,43.042368728540076,9.989786399719833,-14.745153551989462
2016-01-20,-10.320339661762874,41.388470712658155,9.997284457325087,-13.484155738374445
2016-01-21,-11.595824271746885,39.796759057584325,12.044499398394553,-13.073141614746463
2016-01-22,-11.807854711563422,40.704180199910034,11.921800638734437,-12.253584146295518
2016-01-23,-11.969666915866185,40.47448319447156,12.405649891392978,-12.459369399367201
2016-01-24,-11.849291641999459,39.56064546835114,11.152456639110117,-10.965121273996866
2016-01-25,-12.871357576203536,39.628799389420045,11.884488283737815,-10.230767774722064
2016-01-26,-12.249051262743528,40.9001409976088,10.509082599200344,-9.187609700236354
2016-01-27,-12.044160156950928,41.089113246504446,10.483035342150039,-6.697636871523214
2016-01-28,-11.760753988059863,41.79911423946846,10.597214030929054,-7.923650801238397
2016-01-29,-12.945650937466633,41.15696224332383,11.265549309991654,-7.263968604292543
2016-01-30,-12.152750832993993,41.273099975381406,11.191899551903415,-6.350852335928315
2016-01-31,-10.690525529360405,42.31236238690291,11.837330694853765,-7.011564602807106
2016-02-01,-12.04483571751848,41.70349529960498,10.923883747246162,-9.035099175385785
2016-02-02,-12.268783570376609,39.49793937114281,11.460031547576934,-8.518361133813897
2016-02-03,-12.031878470528445,37.89376021181738,9.244376391823897,-8.14465886478999
2016-02-04,-11.614216565703206,37.205554251377414,9.051580820018033,-6.731128470255362
2016-02-05,-12.504944036801977,37.76680974479225,9.47067735576823,-7.010588220166956
2016-02-06,-9.89251280491337,39.41441512685857,10.039138859544579,-7.255552306396301
2016-02-07,-10.191977907820517,39.6478535616952,10.68983982660604,-7.3578783209195455
2016-02-08,-10.394380892487185,40.60362701203604,10.12068355742538,-8.109868065175256
2016-02-09,-10.20008924591089,41.094474106569855,10.501315301481283,-8.86129338352509
2016-02-10,-10.728787232608983,41.96616562011354,8.396131451808689,-8.143810741751937
2016-02-11,-9.768743610395644,42.822378190512886,8.84876992296709,-8.558771186640493
2016-02-12,-10.546886606270144,43.719114879546645,9.250709875986335,-8.352545132800849
2016-02-13,-12.27359715757946,42.76973355562699,8.575847975397227,-7.668335200333706
2016-02-14,-13.228750780721144,43.18023890183934,9.515019021395608,-7.748161442172974
2016-02-15,-14.13198784018377,44.039860875722646,10.76558151822155,-7.459060427126085
2016-02-16,-14.432274944434297,44.26421669339481,10.082374294620461,-9.192353289547988
2016-02-17,-14.598841673045873,43.960768291627,9.213639529266606,-9.212142572343533
2016-02-18,-15.69861075617279,43.903927869038455,10.057909710938572,-8.228604226093276
2016-02-19,-15.091579678317725,44.001340223840636,10.233100049789682,-7.61006287245635
2016-02-20,-15.548467196315855,44.486330410999216,12.36698543234077,-8.30558022134592
2016-02-21,-15.75700387101459,45.486405167914555,11.888958578010614,-8.88237613865045
2016-02-22,-15.537442995054695,46.4879420034944,12.08321860630395,-8.192007660949383
2016-02-23,-15.976090638553034,47.06100705809739,11.600380786523658,-6.237709043836358
2016-02-24,-15.86673683930822,46.48489500449398,11.606951285708794,-4.636766186603414
2016-02-25,-15.278623292451336,47.33649208882679,12.774188510852664,-6.284525246732359
2016-02-26,-15.360168012761433,45.82964947025888,11.754489604767956,-5.983181367012404
2016-02-27,-14.99136857958055,46.19944296672063,10.670921899075623,-5.474393544798621
2016-02-28,-13.801109802482644,46.453615833427264,10.258757916183143,-5.675895195906873
2016-02-29,-14.607425462443556,47.15850227267251,11.094694603702498,-5.655881230648962
2016-03-01,-15.42646771105369,47.512164807762304,10.649494677512825,-5.294854757287493
2016-03-02,-15.687320127558833,46.38150776058216,12.029832323506842,-4.7029367214287285
2016-03-03,-15.42952046174162,46.93152987729949,12.94621306266387,-4.627189566778823
2016-03-04,-16.601561566932514,46.455436135089286,14.399812382108871,-5.209313267365424
2016-03-05,-16.65252741193434,47.74417993925414,13.27468482562755,-5.486743487946101
2016-03-06,-17.51948228445614,47.85840449050952,12.946105620023573,-5.582694560084689
2016-03-07,-18.85570005061292,46.63743049600441,14.163675646639064,-5.2255652278495575
2016-03-08,-19.650458330815194,47.25269109191654,14.82831715868229,-5.839770620486599
2016-03-09,-19.08942633186393,45.86951309834356,13.901152928683388,-4.595342537718362
2016-03-10,-17.978240965165867,44.179839997435245,13.208055990151575,-2.6968228038370023
2016-03-11,-16.933760370024384,45.5913023918879,13.806850925607323,-1.6025152482964107
2016-03-12,-17.83217151428901,46.27025278939836,13.448674599438698,-2.929338737206957
2016-03-13,-17.568996101162277,46.75135171601947,13.506393696189717,-3.2333940045254814
2016-03-14,-17.963242007866185,47.788502375301206,13.002701694062504,-4.808082303425663
2016-03-15,-17.711482709343347,47.371348211959344,10.97898267967934,-2.2675459728715945
2016-03-16,-19.103619418352054,47.32583191360408,11.483059094874285,-2.9191821037824033
2016-03-17,-19.931963676234506,48.41827224403715,12.960713465020111,-5.137552785727395
2016-03-18,-19.92214467144993,47.612005140414524,11.906239830903878,-4.954083452206515
2016-03-19,-18.882465307897704,47.41628578901827,10.461489863769488,-3.3727640571819704
2016-03-20,-17.382666369406785,48.494228843160194,9.885961309065348,-0.8837835576829289
2016-03-21,-18.41032817944424,49.76322418454289,11.0568520899511,-0.511981906605758
2016-03-22,-18.240479114240095,50.35599558156182,8.224750458125433,-0.35997841512821355
2016-03-23,-16.485028375138214,50.30378115223839,8.215418356025996,0.6161937776238238
2016-03-24,-16.5573536205797,51.321217572315156,9.351980916032662,1.884516297897147
2016-03-25,-15.631304309799551,52.024615370727545,7.647753528907147,4.211499120167572
2016-03-26,-15.772434190669525,51.98675760454263,9.562396219715836,2.3217254250430317
2016-03-27,-15.536402325322287,53.22229991343258,9.604911347423492,1.907876353595881
2016-03-28,-15.56364706873931,53.352835101031815,10.88028692183752,1.9373989170454577
2016-03-29,-15.303848389272193,53.69194498344597,10.340909347607928,0.8173027293214845
2016-03-30,-15.375369348841899,53.593092085278954,8.378203146928753,0.394623745631628
2016-03-31,-16.404990649106338,54.39412557393422,8.781478006011158,-0.25552603227807674
2016-04-01,-16.181284420251124,52.13166499584518,10.273396713099524,-0.8353799570816924
2016-04-02,-16.37857956017848,53.97069697037348,9.302991991275178,-1.085218677396354
2016-04-03,-16.662423005314302,53.058089357399275,10.847300420281659,0.33595678256374106
2016-04-04,-16.475729457294893,54.16409764238417,11.999422848619556,1.427723445552847
2016-04-05,-16.933753646579664,55.21956676032879,10.909989585414086,-1.2284017650450823
2016-04-06,-15.265955585949966,56.318541090354366,10.093730656588967,-2.0679394473833317
2016-04-07,-15.406517860081426,57.338037574910366,10.171385877839652,-2.542262206211556
2016-04-08,-16.067827762596238,56.43247709697547,10.797914583081516,-3.00630655311993
2016-04-09,-15.291311172929287,55.45555646436834,9.741456704531021,-2.747965034622134
2016-04-10,-15.148093279581797,56.089482275486446,10.158608291098574,-3.043627059779924
2016-04-11,-16.127369509730254,55.76146050162839,8.698664836104626,-3.248646180659652
2016-04-12,-16.35645865491892,55.58754386254565,9.06279677028655,-2.2798326693355637
2016-04-13,-15.005793526092965,55.573709517459044,10.387970679729332,-0.5560204435091043
2016-04-14,-14.683496696622257,55.6596944549106,11.23546808296793,0.4248722580299562
2016-04-15,-16.81250268696348,53.66202740804229,11.54585439327865,-0.14379439320682674
2016-04-16,-16.940299813318727,54.01987055600497,11.960555219709267,0.27522955054978016
2016-04-17,-16.103345685218304,54.14833179822936,11.232302381753126,-0.6036585992600217
2016-04-18,-16.200150690973736,55.58911694142855,11.239811786256087,-1.4197565732127293
2016-04-19,-15.920536290650514,55.61523740468221,12.134783968381777,1.1728650271049066
2016-04-20,-15.58125111808039,54.27952304650966,12.028296612021975,0.3344968643021914
2016-04-21,-15.624289958866356,54.685678099723745,10.791522431253425,0.5352406527152483
2016-04-22,-16.6026886680495,54.77004415996807,10.74409840516656,0.6216790275546246
2016-04-23,-17.056309524022065,54.86780602896995,11.003714293415575,0.989357712016535
2016-04-24,-18.64212051526369,54.45254675231178,10.169389885142511,2.523431570971357
2016-04-25,-18.0134177256865,55.34404853137079,10.859263709404399,3.6233733463260513
2016-04-26,-17.279969043499644,54.98643023444877,10.911512665140787,4.261670902844711
2016-04-27,-17.9202794129317,55.13238960527987,11.558484900408628,4.008419801264743
2016-04-28,-16.96311742496104,56.48474213058925,12.367119915328486,4.7802411863110095
2016-04-29,-15.524297261632102,56.09087040259226,11.913314691007045,4.397075239557114
2016-04-30,-16.319552514955653,54.411290566872495,12.907770194826233,3.952039070137142
2016-05-01,-15.510904615836823,54.7489845533781,12.120779729312051,4.0075806889466365
2016-05-02,-13.159878617321635,55.563479438529406,12.49889584291822,4.762721112287839
2016-05-03,-12.1003074394336,53.80101689143545,12.695591288064113,6.467314338532781
2016-05-04,-10.806425739638598,54.846620709268414,11.252907240821763,8.400554161016704
2016-05-05,-12.148519236142098,54.45380478852013,12.17346441720709,8.021773356225271
2016-05-06,-12.119776186598065,54.51872709038098,13.850984517931138,7.053128114895995
2016-05-07,-10.282233066830942,54.66879725148558,13.093761864863545,6.652365558704749
2016-05-08,-10.026785843165536,54.88757971603028,13.991423215840506,7.397807689497528
2016-05-09,-11.61052953488879,54.31990273015687,15.584635572227784,8.73358121276312
2016-05-10,-10.22687460760707,54.07235145430772,16.33104357979788,8.38766669279548
2016-05-11,-10.15253646031596,55.07182002221225,16.137513525996663,8.681666009440518
2016-05-12,-9.268604011224319,55.470317736943215,15.267358380421513,8.468424556407602
2016-05-13,-9.407897371208158,55.57307085780141,15.203821033555416,8.59448951632518
2016-05-14,-9.254218824789268,56.15354726703244,15.492132223835752,6.931886423317301
2016-05-15,-10.494212176716736,54.56191322081559,16.435961627502078,7.166771816354955
2016-05-16,-10.747570969408667,55.08120253495911,17.33609269384575,8.443444452554315
2016-05-17,-11.050440603442652,54.75036198939368,16.279089806004556,8.440775991190334
2016-05-18,-10.739477886456879,55.35070613861523,16.771008634797646,9.26179812186463
2016-05-19,-11.03261882508465,57.38212386918459,17.14956849882573,9.48018685318578
2016-05-20,-10.661899433663734,55.52224144456795,17.440404969726593,9.55884611324912
2016-05-21,-12.609316431502693,53.59335128331617,16.897451457215617,9.59146979599123
2016-05-22,-12.891066625944147,53.61608261017059,17.031718123080807,9.595356827764993
2016-05-23,-12.166738605986444,52.74472912504472,17.218356896273512,11.0804338031603
2016-05-24,-11.071091385240242,51.140149199400035,19.04152619131672,11.030870732867951
2016-05-25,-11.43980367169077,50.387578806247255,18.569166025734667,10.188298519099702
2016-05-26,-13.032546179424086,50.40116541824313,18.204839741180926,10.726658037227422
2016-05-27,-12.648121949629882,51.01786298611349,17.0925910075884,10.970796235704904
2016-05-28,-11.48228382693544,50.60313274707831,15.279568988927284,10.582848835763155
2016-05-29,-11.708936884032388,50.72451039270194,15.701915913649778,9.291507479535898
2016-05-30,-11.561408594611557,52.02419043502919,15.924854976197075,8.438333700819236
2016-05-31,-10.84481918616934,49.275947694908254,14.407953788624754,8.340122085078551
2016-06-01,-10.184355611972006,49.61964887261585,15.094417014736795,8.843773192925681
2016-06-02,-9.593690937622256,46.77173649289998,16.339929821554563,9.631514661932778
2016-06-03,-9.66575405622256,47.85843818523062,17.690967013780035,9.33074982106148
2016-06-04,-9.472087668410095,49.282470783941385,17.814580333162333,10.001745199906765
2016-06-05,-10.341805904968854,48.66120680374961,16.47835345025251,9.03146923049957
2016-06-06,-10.12792693796581,49.21309889656666,16.612192282267937,10.339871117068242
2016-06-07,-10.746456013618475,49.66892536155876,16.943454297257674,9.44815368288552
2016-06-08,-10.991003907298733,49.455446789110276,16.569199968694296,10.352549969790573
2016-06-09,-10.029944122550184,48.85538980270056,17.014693364661095,12.706715558288865
2016-06-10,-8.958287610093512,49.38092923454704,15.80115362282066,12.3978279119217
2016-06-11,-8.989508945317624,49.80657269317492,15.124737005560156,11.03286850378876
2016-06-12,-10.336055081645988,46.81359846563492,14.36381174939734,10.845040749057457
2016-06-13,-9.053328103161753,47.159991956102665,13.944751971743944,11.752653071484684
2016-06-14,-8.911699085245296,45.69372287116161,13.014571056660367,13.081303038775642
2016-06-15,-10.149115812202776,46.32610720989647,11.42071002417775,12.655293540749618
2016-06-16,-9.08343040845492,47.281661479941256,10.922610838546772,10.564519776447893
2016-06-17,-8.72877692193135,47.886229090035,8.774125716783349,9.475235167273937
2016-06-18,-9.25620249390723,47.4899422569819,9.432313821629458,9.747534357272846
2016-06-19,-9.706050651293213,48.45238988103068,10.155216252766792,8.428704663403604
2016-06-20,-8.92949940723897,48.559100305032516,9.337546740897098,8.506525262832202
2016-06-21,-10.13356690441386,48.32239743128748,9.606184498033365,6.419883797317563
2016-06-22,-11.063803199075375,47.93007131278503,10.134324757358282,7.618832754872344
2016-06-23,-11.374396240478434,47.83330653249483,8.469299768531862,7.444114870515936
2016-06-24,-11.83842171281544,47.093863499930436,7.970975752501868,7.52657238891831
2016-06-25,-10.52945837622526,47.89980964499421,7.901180953793606,7.005963718934089
2016-06-26,-11.875112987379692,47.030719126574134,7.570086070531257,7.463956062382629
2016-06-27,-12.228625009837653,46.23180734212222,6.637130271113151,6.61811153942253
2016-06-28,-12.009221304590671,45.68566486721907,6.76390871785562,7.010876709998406
2016-06-29,-11.93534433530825,45.09472472860556,7.811545410793389,7.499244853524678
2016-06-30,-11.654851986363388,44.51955455201847,8.09416614652274,8.446638939045467
2016-07-01,-9.702128064209749,43.43526189665922,10.274183059765098,8.804730406995262
2016-07-02,-10.830589870896663,42.28557619778372,8.513813448355815,7.738966683837196
2016-07-03,-10.018373056880446,42.408190577972334,8.412690789309256,7.584079538575535
2016-07-04,-11.239814940588408,43.39184509624986,6.173511875086643,6.487449435325409
2016-07-05,-10.615133836202714,43.85915289403361,4.6169145570055194,8.025990322407509
2016-07-06,-9.16280740332504,44.36841867240999,5.965175834254876,8.174972440959053
2016-07-07,-8.912897323541454,43.41379398948716,5.727045253076892,6.3492048548195985
2016-07-08,-10.550285551745594,42.24155627047528,5.492093458952099,6.81019573387353
2016-07-09,-11.223641887897669,43.489179262068475,3.4339954241004986,7.220856418236134
2016-07-10,-12.183803273224713,43.97567341456628,4.1188998550827405,5.030240992713681
2016-07-11,-10.762310985871807,43.163729683291365,5.701447800329575,4.535355643083739
2016-07-12,-11.208985487286473,44.86236554864987,4.658541107558303,5.6542352794069375
2016-07-13,-9.89013250705814,44.79749762671864,4.040791055906363,7.138483233677217
2016-07-14,-9.30409748177166,45.326248157920205,3.402348161206617,6.162960724072851
2016-07-15,-10.924759023697163,44.13897192329628,3.1779809412580033,5.152131117021442
2016-07-16,-13.066656028102269,43.37439949940576,2.087594510808088,5.765888028306091
2016-07-17,-12.768065515569733,42.98638227594281,2.016979446435421,6.102870054782991
2016-07-18,-14.1468829821293,44.027474019920646,1.0852859946937357,4.86633919325504
2016-07-19,-11.221270499289218,42.29028376946487,0.310499191795383,5.447753263154675
2016-07-20,-9.835138537032638,42.96431365522785,1.5347096184838291,4.956412188894547
2016-07-21,-11.959750556384488,42.43991484693045,2.9892146737368606,4.424273427796505
2016-07-22,-11.91857947483081,43.13460293487994,3.497634535236744,6.395612664395585
2016-07-23,-13.30064297806698,44.101206227851286,3.850626961679352,7.282824841727723
2016-07-24,-13.041424649931184,43.76766116251514,2.1461891293636404,8.733806214117756
2016-07-25,-14.543617931258437,43.09981189034488,1.1521594432429962,8.112130635622213
2016-07-26,-16.699247545736128,41.866766783686444,1.1232128751468629,7.5037580303239455
2016-07-27,-18.51487540202916,43.077959137263484,2.1996478879639576,7.245118378407303
2016-07-28,-19.651902322230722,43.633965865293405,2.157528907147504,5.957835905967828
2016-07-29,-19.57563119369959,42.810180345739916,4.654270434023875,7.5133688673658465
2016-07-30,-18.90692841528989,40.71587967274181,5.442720729557069,8.15799612192705
2016-07-31,-19.642093530596114,40.961861800991535,4.956091545862665,7.349662363201744
2016-08-01,-18.531462331907893,39.52511473177569,5.120537465916899,7.249390892159008
2016-08-02,-18.04657182194845,37.32885640692864,4.29501916022746,6.0614520125605305
2016-08-03,-17.820423858215104,36.63803429537271,3.1656258502578436,5.610545215535579
2016-08-04,-16.82827870790656,35.73758624636061,4.6955988897947964,4.995290721059408
2016-08-05,-16.526096100419505,34.84593078164885,4.122646153238339,4.53340619438526
2016-08-06,-15.975918703269992,35.59547474815377,5.042220909301213,4.0497816028179034
2016-08-07,-16.3649406888758,37.28816164888461,5.242059786341826,4.153546929601697
2016-08-08,-15.458973151887044,37.925631517920884,5.107219009479678,3.3645942526678536
2016-08-09,-15.674419275085459,39.455500837760084,7.247617723548759,2.3435370627185277
2016-08-10,-15.64464856786153,38.62501885063333,7.591104099329994,0.129677985357465
2016-08-11,-15.486369326298078,38.291645174559626,7.396905036999126,0.04894397561822468
2016-08-12,-17.513271032954155,36.36573721969665,8.341181604102202,0.5298998528500548
2016-08-13,-17.811624226710666,37.400535766994466,8.966552012685884,0.1559600990404031
2016-08-14,-16.634756870424322,36.399666860940954,8.703621691319352,1.4627185601914068
2016-08-15,-15.853605954836354,35.63391651170562,6.659323993185399,1.672030319370136
2016-08-16,-14.896371135108625,34.22630161126978,7.891781978381975,1.9985608200269067
2016-08-17,-13.759793072114695,31.852429402769047,8.59161448521499,3.4377782592769197
2016-08-18,-15.218239261756741,33.532460935956315,6.8717507684385515,3.7160038967623175
2016-08-19,-13.6558802120772,32.39893214348522,7.684577636352452,3.476989197500939
2016-08-20,-14.898298462343844,31.977309035692322,7.021434978864116,3.133339406239897
2016-08-21,-16.456836614309523,31.103201248871336,4.713217267623628,2.805048961735015
2016-08-22,-17.69111308407428,29.972012347666894,4.517298230556019,3.102300333007329
2016-08-23,-17.898103600838898,28.53426650516907,5.5109914504118835,4.066495048878274
2016-08-24,-18.761645635274796,28.58460864052213,6.104856836625677,3.280376840906436
2016-08-25,-19.575812028653928,27.129111036994203,5.89333013888171,3.0922045214920706
2016-08-26,-18.75130591513546,28.206874037420768,4.698396423853672,2.4524954346360195
2016-08-27,-20.344632605695978,27.06083316936304,3.25264272679948,2.5802927838655525
2016-08-28,-19.327916468703627,26.904375434037167,4.902760706176809,3.374427265932189
2016-08-29,-18.502078510242217,26.3788882387549,4.4094642767024235,1.9219728418561286
2016-08-30,-17.528237179412173,25.401004792654824,6.22212368268866,1.0101314970630004
2016-08-31,-17.20845396235986,25.533478763043252,5.267041591617849,0.8007046934253508
2016-09-01,-19.116784237548423,25.11003938587118,4.918768643827092,-0.19618681196503407
2016-09-02,-18.562129490741672,25.159157308465893,5.193180381533212,0.5323569438765678
2016-09-03,-20.261613805459795,24.52613210116705,6.734027693413853,-1.2355696998721535
2016-09-04,-20.251974307670043,24.406510827460004,5.162160389698442,0.26179698031455745
2016-09-05,-21.287675210927684,24.38520334537089,6.292334628458034,0.745616374209005
2016-09-06,-22.368331643509254,23.605132239837207,6.787183760194062,1.8799867178507836
2016-09-07,-23.351626384644227,22.4286860838892,6.731377932016592,2.832370498946003
2016-09-08,-23.40396790074855,22.45418092614502,7.1113999249328,0.042188519154298554
2016-09-09,-23.67375324687717,22.33730575928529,6.936655686175092,-0.8757583581055343
2016-09-10,-24.340132501000138,22.059774920710737,6.614071159970636,-0.5943993426926464
2016-09-11,-25.789601910548452,22.217307413266074,8.484222936364658,-3.712824776064461
2016-09-12,-26.373920813393635,22.975105565921112,9.139102403846733,-3.4348014195757015
2016-09-13,-27.234557246912267,22.527771909845082,8.632995763268337,-3.408100337717174
2016-09-14,-27.53519791275564,20.718793592722673,8.903809695096069,-2.293714812834028
2016-09-15,-26.552239600646796,20.136046767379597,7.687867397125936,-1.6282860927780773
2016-09-16,-26.084644351487697,22.311459167411208,7.765159686683042,-2.3089188890405254
2016-09-17,-25.87148112855166,22.64113856551078,7.269016722464187,-0.04045035295491095
2016-09-18,-25.4532355540902,21.596219996946648,6.169765522110854,-0.6453448201733418
2016-09-19,-25.719432118943388,21.262689414888005,5.92153058565866,0.26785680055341154
2016-09-20,-24.397501816484862,20.638333934350168,6.911500349928051,0.34880850641042543
2016-09-21,-23.256340845486488,22.113188258150075,6.980790211177741,1.8975249724610221
2016-09-22,-24.080255907372038,21.678007119689,7.347258320432436,1.1484861472230619
2016-09-23,-23.682429683798382,22.27730839755455,6.487722882004303,0.7497307928077661
2016-09-24,-24.547526916470858,22.780304730182067,5.872356882175734,0.5953582926506126
2016-09-25,-22.70230802845843,23.38216117263303,3.600213727616804,0.261830975469722
2016-09-26,-22.795744980097666,23.99585761821553,3.152156480349052,-0.26214860604235524
